,id,created,superceded_id,valid,classification_system,cell_type,pt_supervoxel_id,pt_root_id,pt_position
0,4,2022-08-19 04:55:10.500856+00:00,,t,MN,,72834537650263474,648518346496934372,[23676 87528  2404]
1,5,2022-08-19 04:55:10.501727+00:00,,t,MN,,72975206486264775,648518346514306270,[28080 85768  2516]
2,11,2022-08-19 04:55:10.507236+00:00,,t,sensory,,72342438215328533,648518346476657526,[  8717 101723   3740]
3,16,2022-08-19 04:55:10.511439+00:00,,t,MN,,73045643815642075,648518346517437482,[29080 87520  2246]
4,21,2022-08-19 04:55:10.515629+00:00,,t,MN,,72764168704816459,648518346520685366,[20639 87041  2022]
5,23,2022-08-19 04:55:10.517538+00:00,,t,MN,,72834537717220975,648518346494476935,[23021 86342  2506]
6,30,2022-08-19 04:55:10.524045+00:00,,t,local,,72483655599647031,648518346507570297,[ 12336 115173   1671]
7,32,2022-08-19 04:55:10.525794+00:00,,t,"ascending, intersegmental",,73116425480736826,648518346492265234,[31960 98928  3441]
8,47,2022-08-19 04:55:10.540933+00:00,,t,local,,72483656068952220,648518346512118207,[ 12728 115580   2467]
9,53,2022-08-19 04:55:10.546254+00:00,,t,MN,,72553131392891700,648518346489543513,[16070 89176  2350]
10,60,2022-08-19 04:55:10.552189+00:00,,t,"descending, intersegmental",,73186518608862012,648518346481030400,[34110 91870  2054]
11,74,2022-08-19 04:55:10.564548+00:00,,t,MN,,72834674686355627,648518346504092878,[24001 91338  1555]
12,77,2022-08-19 04:55:10.566990+00:00,,t,MN,,73045644016998043,648518346477919895,[29198 86581  2634]
13,80,2022-08-19 04:55:10.569466+00:00,,t,local,,72624255849901904,648518346490341147,[ 18428 110808   1961]
14,81,2022-08-19 04:55:10.570284+00:00,,t,MN,,72834675156195340,648518346504230496,[23456 91041  2493]
15,87,2022-08-19 04:55:10.575523+00:00,,t,MN,,72553200246751248,648518346496059082,[16252 91208  2668]
16,90,2022-08-19 04:55:10.577976+00:00,,t,MN,,72975343925097073,648518346478125293,[27079 88744  2479]
17,91,2022-08-19 04:55:10.578795+00:00,,t,local,,72342849659916462,648518346493401330,[  9520 114248   2076]
18,100,2022-08-19 04:55:10.586556+00:00,,t,MN,,73045781120281440,648518346496195084,[29693 90874  1961]
19,114,2022-08-19 04:55:10.598642+00:00,,t,MN,,72904837406360841,648518346507389983,[24703 85715  1813]
20,116,2022-08-19 04:55:10.600348+00:00,,t,MN,,72693868948514333,648518346477240264,[20124 89508  2559]
21,145,2022-08-19 04:55:10.625211+00:00,,t,MN,,72904974778192622,648518346500725685,[26120 88188  1693]
22,146,2022-08-19 04:55:10.626041+00:00,,t,MN,,72482762716040225,648518346479055568,[13344 89432  2556]
23,150,2022-08-19 04:55:10.629613+00:00,,t,MN,,72764237826748104,648518346496932836,[22012 88216  2724]
24,158,2022-08-19 04:55:10.636343+00:00,,t,MN,,72764237289721501,648518346486850812,[22264 89998  1676]
25,163,2022-08-19 04:55:10.640906+00:00,,t,local,,72905181808826383,648518346491793832,[26288 94336  3338]
26,165,2022-08-19 04:55:10.642565+00:00,,t,local,,72413355373425035,648518346477140752,[ 10464 118400   1262]
27,179,2022-08-19 04:55:10.654484+00:00,,t,MN,,72904906528605626,648518346479239887,[25040 87696  2626]
28,207,2022-08-19 04:55:10.678177+00:00,,t,local,,72834744278330934,648518346488600815,[23357 93624  3231]
29,215,2022-08-19 04:55:10.684913+00:00,,t,MN,,72623500204416838,648518346498314906,[16870 88111  2568]
30,216,2022-08-19 04:55:10.685727+00:00,,t,sensory,,72342438215374084,648518346496729980,[  8908 101201   3740]
31,220,2022-08-19 04:55:10.689021+00:00,,t,MN,,72904974979576714,648518346503310971,[26272 89248  2099]
32,230,2022-08-19 04:55:10.697422+00:00,,t,MN,,72904906595745994,648518346478935892,[25819 87882  2781]
33,233,2022-08-19 04:55:10.699988+00:00,,t,sensory,,72342438215371936,648518346490237960,[  9506 101874   3740]
34,238,2022-08-19 04:55:10.704280+00:00,,t,sensory,,72412738105883823,648518346465237877,[10628 99919  3496]
35,239,2022-08-19 04:55:10.705099+00:00,,t,MN,,72904837406552690,648518346497891062,[25490 84658  1913]
36,240,2022-08-19 04:55:10.705916+00:00,,t,sensory,,72342438215365972,648518346494933426,[  9939 101191   3740]
37,262,2022-08-19 04:55:10.724342+00:00,,t,sensory,,72272069471113575,648518346498554608,[  8062 100629   3740]
38,264,2022-08-19 04:55:10.726187+00:00,,t,MN,,72764168906128075,648518346486971900,[20586 86716  2440]
39,269,2022-08-19 04:55:10.730355+00:00,,t,MN,,72482831502613558,648518346494148128,[13693 91905  2685]
40,293,2022-08-19 04:55:10.751281+00:00,,t,descending,,72975412242073923,648518346481850015,[27716 90543  1800]
41,294,2022-08-19 04:55:10.752187+00:00,,t,sensory,,72412806825466503,648518346406112604,[ 11074 101854   3533]
42,301,2022-08-19 04:55:10.758265+00:00,,t,MN,,72623431484616781,648518346479349137,[17136 87039  2450]
43,790,2022-09-06 18:28:34.476927+00:00,,t,local,,73046469254675924,648518346496278630,[ 30118 112422   3751]
44,717,2022-09-06 18:28:33.556687+00:00,,t,local,21A,72272480915474549,648518346495481014,[  7800 113776   2061]
45,719,2022-09-06 18:28:33.581616+00:00,,t,local,9A,73116218785422132,648518346490384394,[31837 92600  2405]
46,721,2022-09-06 18:28:33.606943+00:00,,t,intersegmental,10B,73256750316812823,648518346499842444,[36688 87784  2805]
47,723,2022-09-06 18:28:33.631895+00:00,,t,intersegmental,3A,72554094002563984,648518346492412799,[ 14408 117416   3394]
48,725,2022-09-06 18:28:33.655413+00:00,,t,intersegmental,23B,72554024276625819,648518346482935973,[ 16240 116341   1537]
49,727,2022-09-06 18:28:33.679113+00:00,,t,intersegmental,0A/0B,73117181394837163,648518346497061092,[ 31288 122288   3354]
50,729,2022-09-06 18:28:33.704303+00:00,,t,intersegmental,19A,72413080629489945,648518346465091957,[ 11696 110312   1508]
51,731,2022-09-06 18:28:33.733045+00:00,,t,"ascending, intersegmental",10B-like,73893160048533439,648518346506702370,[ 54272 179256    172]
52,733,2022-09-06 18:28:33.758040+00:00,,t,local,13A,72553269234595732,648518346472722185,[14392 92936  3157]
53,735,2022-09-06 18:28:33.781302+00:00,,t,local,12B/6A,73398587719411182,648518346479677888,[ 39806 119438   3593]
54,737,2022-09-06 18:28:33.805125+00:00,,t,intersegmental,23B,72624530526533127,648518346487770434,[ 18136 119368   1586]
55,739,2022-09-06 18:28:33.829619+00:00,,t,intersegmental,14A,73257369261699105,648518346497880310,[ 36176 104592   3625]
56,741,2022-09-06 18:28:33.854109+00:00,,t,local,13B,73397694231868304,648518346486538116,[40912 92624  3274]
57,743,2022-09-06 18:28:33.879072+00:00,,t,local,20A,72624531667537642,648518346486881761,[ 17720 119208   3787]
58,745,2022-09-06 18:28:33.905218+00:00,,t,intersegmental,3B,72413561666064108,648518346494085367,[ 10640 124624   1507]
59,747,2022-09-06 18:28:33.930180+00:00,,t,intersegmental,7B,73538294147057922,648518346496938029,[44072 89272  3000]
60,749,2022-09-06 18:28:33.954956+00:00,,t,local,9A,73256681463090675,648518346467364359,[36698 85311  2560]
61,751,2022-09-06 18:28:33.979783+00:00,,t,intersegmental,10B,73186450426056929,648518346499432795,[34008 89240  2968]
62,753,2022-09-06 18:28:34.004777+00:00,,t,ascending,12B/6A,73398656438785932,648518346479892980,[ 39200 120872   3552]
63,755,2022-09-06 18:28:34.030675+00:00,,t,local,22A,72272687275692403,648518346474603970,[  7064 118816   2539]
64,757,2022-09-06 18:28:34.055507+00:00,,t,local,4B,73116425547798363,648518346489997619,[31216 98400  3524]
65,759,2022-09-06 18:28:34.081407+00:00,,t,local,24B,72553886770317909,648518346510192422,[ 14554 111993   1354]
66,761,2022-09-06 18:28:34.105618+00:00,,t,intersegmental,0A/0B,73047225303313672,648518346479342780,[ 29616 133472   4103]
67,763,2022-09-06 18:28:34.130983+00:00,,t,local,1B,72413287794707379,648518346495739024,[ 11728 115464   3395]
68,765,2022-09-06 18:28:34.156344+00:00,,t,intersegmental,17A,72483586880055877,648518346488904888,[ 14092 113893   1659]
69,767,2022-09-06 18:28:34.182125+00:00,,t,intersegmental,12B/6A,73328287896057689,648518346499155265,[ 37864 121408   3970]
70,769,2022-09-06 18:28:34.208168+00:00,,t,"ascending, intersegmental",10B,73397556658592652,648518346488551663,[40040 90096  2969]
71,771,2022-09-06 18:28:34.234648+00:00,,t,local,14A,73397831872081018,648518346487925314,[39770 97443  3607]
72,773,2022-09-06 18:28:34.260038+00:00,,t,"ascending, intersegmental",10B-like,73186587663812879,648518346492790969,[32784 92568  2657]
73,775,2022-09-06 18:28:34.285144+00:00,,t,intersegmental,12B/6A,73398656572899623,648518346501501528,[ 40000 120880   3773]
74,777,2022-09-06 18:28:34.310636+00:00,,t,local,9A,73326981420569724,648518346486067652,[37800 82480  2367]
75,779,2022-09-06 18:28:34.337164+00:00,,t,local,8A,72975343723909355,648518346475527296,[27260 88352  2157]
76,781,2022-09-06 18:28:34.362030+00:00,,t,"ascending, intersegmental",10B,74104197628813029,648518346506783522,[ 60358 176482    393]
77,783,2022-09-06 18:28:34.387935+00:00,,t,"ascending, intersegmental",10B,73398793944843518,648518346496990616,[ 39584 125760   3654]
78,724,2022-09-06 18:28:33.643787+00:00,,t,intersegmental,10B,73116219053878055,648518346499141441,[32252 92616  2927]
79,726,2022-09-06 18:28:33.667198+00:00,,t,intersegmental,,72907106021898415,648518346491568958,[ 25560 152184   3593]
80,728,2022-09-06 18:28:33.691225+00:00,,t,local,21A,72272755592306785,648518346507510905,[  6795 121662   1713]
81,730,2022-09-06 18:28:33.718499+00:00,,t,ascending,12B/6A,72765269155907876,648518346477888526,[ 20744 120528   3782]
82,732,2022-09-06 18:28:33.746090+00:00,,t,intersegmental,21A,72272687007069106,648518346478924916,[  6872 118872   1965]
83,734,2022-09-06 18:28:33.769335+00:00,,t,local,8A,72764168905905150,648518346481534309,[22289 87953  2331]
84,736,2022-09-06 18:28:33.793225+00:00,,t,local,21A,72413286788141176,648518346498412564,[ 11848 115312   1500]
85,738,2022-09-06 18:28:33.817231+00:00,,t,intersegmental,8A,72905043497551141,648518346491271969,[24808 91753  1678]
86,740,2022-09-06 18:28:33.841566+00:00,,t,intersegmental,10B,73045850376843483,648518346520296785,[30168 92984  3055]
87,742,2022-09-06 18:28:33.866865+00:00,,t,local,3A,72342987434442952,648518346497059044,[ 10080 118728   2721]
88,744,2022-09-06 18:28:33.892098+00:00,,t,local,20A,72624462947991046,648518346494014475,[ 17208 118216   3745]
89,746,2022-09-06 18:28:33.917987+00:00,,t,local,9A,73256750115409886,648518346478791252,[35789 87284  2424]
90,748,2022-09-06 18:28:33.942814+00:00,,t,intersegmental,18B,72413698970736951,648518346493041582,[ 10544 128208   1211]
91,750,2022-09-06 18:28:33.967631+00:00,,t,local,19B,73961467946700495,648518346489985111,[ 55488 118712   1647]
92,752,2022-09-06 18:28:33.992560+00:00,,t,intersegmental,,73186518608996937,648518346499306561,[33148 91832  2055]
93,754,2022-09-06 18:28:34.017741+00:00,,t,local,19A,72342780806266313,648518346531401754,[  8280 112088   1846]
94,756,2022-09-06 18:28:34.043127+00:00,,t,intersegmental,10B-like,72766917148223877,648518346479174095,[ 21992 168888   1313]
95,758,2022-09-06 18:28:34.068838+00:00,,t,local,22A,72272549702450045,648518346483381182,[  7480 115512   2263]
96,760,2022-09-06 18:28:34.093309+00:00,,t,local,13B,73608663025474041,648518346477765271,[45247 89901  3288]
97,762,2022-09-06 18:28:34.118313+00:00,,t,local,,72342780873548809,648518346499137601,[  8984 112216   2049]
98,764,2022-09-06 18:28:34.143527+00:00,,t,local,9A,73116149931720890,648518346479879156,[30984 91520  2104]
99,766,2022-09-06 18:28:34.169316+00:00,,t,intersegmental,10B,73256887755732528,648518346493825393,[35496 91968  2819]
100,768,2022-09-06 18:28:34.195498+00:00,,t,local,9A,73115737547747733,648518346479847574,[31551 79835  2026]
101,770,2022-09-06 18:28:34.221789+00:00,,t,intersegmental,12A,72413287660406076,648518346499996812,[ 11779 115731   3094]
102,772,2022-09-06 18:28:34.247547+00:00,,t,local,21A,72272618354809716,648518346489964505,[  6904 118256   2136]
103,774,2022-09-06 18:28:34.272588+00:00,,t,"ascending, intersegmental",10B-like,73259978924319888,648518346501459811,[ 35752 182712    515]
104,776,2022-09-06 18:28:34.298067+00:00,,t,"ascending, intersegmental",10B,73397694097693642,648518346494734391,[39984 92656  3031]
105,778,2022-09-06 18:28:34.324042+00:00,,t,local,13A,72482900423309419,648518346477777628,[14312 92192  3010]
106,780,2022-09-06 18:28:34.349798+00:00,,t,local,22A,72272481318143487,648518346465266805,[  8035 113641   2841]
107,782,2022-09-06 18:28:34.375402+00:00,,t,local,22A,72272412330450181,648518346485624851,[  7161 111613   2352]
108,784,2022-09-06 18:28:34.401229+00:00,,t,local,13B,73467994323657215,648518346498006682,[41768 91216  3380]
109,785,2022-09-06 18:28:34.414057+00:00,,t,intersegmental,10B,73256956542122046,648518346488420079,[36672 93360  2861]
110,786,2022-09-06 18:28:34.427792+00:00,,t,intersegmental,10B,73186725371050705,648518346498238290,[34360 96328  3086]
111,787,2022-09-06 18:28:34.439837+00:00,,t,intersegmental,0A/0B,73187412834490290,648518346499958156,[ 32992 117592   3698]
112,788,2022-09-06 18:28:34.451548+00:00,,t,intersegmental,23B,72624461605842338,648518346477233936,[ 17536 118392   1196]
113,789,2022-09-06 18:28:34.464288+00:00,,t,local,21A,72342918647874651,648518346524262149,[  9591 116575   2619]
114,632,2022-09-06 18:28:32.299846+00:00,,t,local,,73116356694131819,648518346500717528,[31643 97147  3269]
115,634,2022-09-06 18:28:32.483062+00:00,,t,local,8A,72834606168458578,648518346499888197,[23252 89497  2031]
116,636,2022-09-06 18:28:32.510673+00:00,,t,"ascending, intersegmental",10B-like,73608731409428444,648518346500711093,[46120 92056  2643]
117,638,2022-09-06 18:28:32.540672+00:00,,t,local,24B,72694692911148989,648518346497123044,[ 18728 113328   1247]
118,640,2022-09-06 18:28:32.567242+00:00,,t,local,23B,72483792769799839,648518346518636630,[ 13800 118976   1066]
119,642,2022-09-06 18:28:32.593316+00:00,,t,"ascending, intersegmental",12B/6A,72835500528056479,648518346491114157,[ 23896 115368   3854]
120,644,2022-09-06 18:28:32.618722+00:00,,t,intersegmental,19A,74312968405620170,648518346501544291,[ 66152 108176   2226]
121,646,2022-09-06 18:28:32.644495+00:00,,t,"ascending, intersegmental",10B-like,73963391420860228,648518346502586791,[ 56640 175656    336]
122,648,2022-09-06 18:28:32.669567+00:00,,t,local,13B,73608731744965663,648518346471931035,[45408 90912  3287]
123,650,2022-09-06 18:28:32.695105+00:00,,t,local,22A,72272618489211882,648518346521544953,[  6872 117408   2435]
124,652,2022-09-06 18:28:32.721894+00:00,,t,local,24B,72553749331447479,648518346490888957,[ 14818 106640   1414]
125,654,2022-09-06 18:28:32.748442+00:00,,t,local,19A,72413080696782882,648518346497743606,[ 11176 110208   1608]
126,656,2022-09-06 18:28:32.773400+00:00,,t,intersegmental,7B,73186587730905892,648518346481537125,[34320 92424  2773]
127,658,2022-09-06 18:28:32.797806+00:00,,t,local,4B,72976100510645787,648518346524171525,[ 26896 112264   3807]
128,660,2022-09-06 18:28:32.822847+00:00,,t,intersegmental,,72272549568079935,648518346509377402,[  7536 115416   1963]
129,662,2022-09-06 18:28:32.848721+00:00,,t,intersegmental,,74032180892211669,648518346480963584,[ 57707 128913   2771]
130,664,2022-09-06 18:28:32.873046+00:00,,t,intersegmental,23B,72554092928909204,648518346480373051,[ 14648 117976   1417]
131,666,2022-09-06 18:28:32.899301+00:00,,t,local,9A,73256750249561934,648518346494200711,[35656 86880  2639]
132,668,2022-09-06 18:28:32.925583+00:00,,t,local,13B,73467994189638372,648518346494600981,[42071 90550  3197]
133,670,2022-09-06 18:28:32.952016+00:00,,t,intersegmental,0A/0B,73117800138742283,648518346481634463,[ 30992 140496   3946]
134,672,2022-09-06 18:28:32.977175+00:00,,t,local,22A,72342849794132027,648518346501117289,[  8896 112912   2351]
135,674,2022-09-06 18:28:33.002136+00:00,,t,local,13A,72764375534193073,648518346494588181,[22259 92507  3253]
136,676,2022-09-06 18:28:33.028439+00:00,,t,local,12B/6A,73539325341843949,648518346494758819,[ 43552 120668   3781]
137,678,2022-09-06 18:28:33.053903+00:00,,t,local,13B,73397831670908465,648518346494495720,[39368 97008  3317]
138,680,2022-09-06 18:28:33.080935+00:00,,t,local,14A,73257575486873810,648518346493052078,[ 35864 110920   3737]
139,682,2022-09-06 18:28:33.107363+00:00,,t,local,9A,73327050140005922,648518346498002535,[37160 84933  2376]
140,684,2022-09-06 18:28:33.133769+00:00,,t,"ascending, intersegmental",12B/6A,73398519067037574,648518346486741892,[ 40160 118608   3705]
141,686,2022-09-06 18:28:33.161167+00:00,,t,local,19A,72342780873344724,648518346500187903,[  8192 111470   1969]
142,688,2022-09-06 18:28:33.188397+00:00,,t,local,22A,72413287727643073,648518346491361313,[ 10584 116496   3283]
143,690,2022-09-06 18:28:33.214943+00:00,,t,local,1B,72342712824936508,648518346502190153,[  9216 110384   3260]
144,692,2022-09-06 18:28:33.244122+00:00,,t,local,13B,73608800598488098,648518346517457476,[45674 93055  3492]
145,694,2022-09-06 18:28:33.269309+00:00,,t,intersegmental,7B,73116081480700071,648518346492602307,[31192 89920  2671]
146,696,2022-09-06 18:28:33.295155+00:00,,t,local,1A,73467993853994280,648518346494229499,[41432 92096  2530]
147,698,2022-09-06 18:28:33.320181+00:00,,t,local,23B,72624530258203327,648518346490909613,[ 18064 120824   1073]
148,700,2022-09-06 18:28:33.346703+00:00,,t,local,21A,72342849525766835,648518346494306039,[  8352 114632   1867]
149,702,2022-09-06 18:28:33.372038+00:00,,t,local,14A,73397763018625428,648518346495020203,[40788 94295  3453]
150,704,2022-09-06 18:28:33.397136+00:00,,t,local,9A,72975412309114696,648518346501545571,[28231 91810  1910]
151,706,2022-09-06 18:28:33.422445+00:00,,t,intersegmental,9A,73468062304958271,648518346488609263,[42904 92240  1984]
152,708,2022-09-06 18:28:33.447035+00:00,,t,intersegmental,3A,72272755592361988,648518346494799159,[  7880 121944   1748]
153,710,2022-09-06 18:28:33.470222+00:00,,t,intersegmental,10B,73116150334481252,648518346491969931,[32636 90792  2943]
154,712,2022-09-06 18:28:33.494387+00:00,,t,local,22A,72342987434363005,648518346479956886,[  8656 118392   2706]
155,714,2022-09-06 18:28:33.518882+00:00,,t,intersegmental,1A,73397624774079668,648518346482998502,[40136 90176  1813]
156,716,2022-09-06 18:28:33.544271+00:00,,t,local,19A,72413149483328810,648518346502916595,[ 10920 111200   1709]
157,718,2022-09-06 18:28:33.568963+00:00,,t,intersegmental,23B,72554093062892622,648518346480843521,[ 14460 118320   1567]
158,720,2022-09-06 18:28:33.594387+00:00,,t,"ascending, intersegmental",,73045712870757765,648518346491656902,[28769 88645  2910]
159,722,2022-09-06 18:28:33.619367+00:00,,t,"ascending, intersegmental",10B,73048667807881960,648518346499724869,[ 29128 177096   2839]
160,633,2022-09-06 18:28:32.467743+00:00,,t,"ascending, intersegmental",23B,74103785446126640,648518346490703613,[ 59760 164280    643]
161,635,2022-09-06 18:28:32.496936+00:00,,t,intersegmental,19A,72413080696744726,648518346499593822,[ 10992 108720   1594]
162,637,2022-09-06 18:28:32.525719+00:00,,t,intersegmental,10B-like,73612166846335456,648518346473084516,[ 46064 194200   1581]
163,639,2022-09-06 18:28:32.553214+00:00,,t,intersegmental,10B,73116150401392949,648518346497163692,[30760 92136  2998]
164,641,2022-09-06 18:28:32.580528+00:00,,t,local,11B,72764581894004254,648518346496547925,[20600 99061  3683]
165,643,2022-09-06 18:28:32.605482+00:00,,t,"ascending, intersegmental",10B-like,73330760186369087,648518346477598684,[ 36890 195165    842]
166,645,2022-09-06 18:28:32.631787+00:00,,t,intersegmental,7B,73186450224761252,648518346481421413,[33088 89552  2605]
167,647,2022-09-06 18:28:32.657242+00:00,,t,local,11B,72553544380983819,648518346518024040,[ 14720 100368   3694]
168,649,2022-09-06 18:28:32.682226+00:00,,t,intersegmental,10B,73257025194494271,648518346486850275,[36486 94878  2771]
169,651,2022-09-06 18:28:32.707979+00:00,,t,intersegmental,7B,73538294012832015,648518346489732460,[44376 88521  2779]
170,653,2022-09-06 18:28:32.735136+00:00,,t,"ascending, intersegmental",10B-like,73611754529539317,648518346496175050,[ 46204 181928   1649]
171,655,2022-09-06 18:28:32.761616+00:00,,t,local,13A,72975550486285873,648518346480238139,[27160 94768  3286]
172,657,2022-09-06 18:28:32.785538+00:00,,t,intersegmental,10B-like,73964010231634429,648518346489002225,[ 55832 193464    967]
173,659,2022-09-06 18:28:32.810559+00:00,,t,"ascending, intersegmental",9A,73116081212447830,648518346512190143,[32024 89912  2166]
174,661,2022-09-06 18:28:32.835833+00:00,,t,intersegmental,13A,72834606638267401,648518346489565548,[24011 89838  2936]
175,663,2022-09-06 18:28:32.860976+00:00,,t,local,19A,72413011977264323,648518346472653065,[ 11440 106840   1601]
176,665,2022-09-06 18:28:32.885079+00:00,,t,"ascending, intersegmental",10B,73116287840242051,648518346481263717,[32048 96064  3012]
177,667,2022-09-06 18:28:32.912499+00:00,,t,intersegmental,10B,73186519145580081,648518346481265765,[34568 91000  2999]
178,669,2022-09-06 18:28:32.938724+00:00,,t,local,9A,73326981487560889,648518346490340104,[37720 82527  2498]
179,671,2022-09-06 18:28:32.964287+00:00,,t,"ascending, intersegmental",12A,73962842537404471,648518346492917179,[ 56848 158560   1983]
180,673,2022-09-06 18:28:32.989724+00:00,,t,"ascending, intersegmental",10B-like,73964010164568452,648518346490873773,[ 56248 193720    859]
181,675,2022-09-06 18:28:33.015716+00:00,,t,local,13B,73608663025514876,648518346496052070,[45824 89088  3315]
182,677,2022-09-06 18:28:33.040958+00:00,,t,intersegmental,10B,73256819036110014,648518346477749655,[35208 89472  2766]
183,679,2022-09-06 18:28:33.066539+00:00,,t,local,4B,73046194376736596,648518346467221486,[ 28736 103872   3738]
184,681,2022-09-06 18:28:33.093966+00:00,,t,"ascending, intersegmental",7B,72975412846004968,648518346481205338,[27304 90346  2907]
185,683,2022-09-06 18:28:33.120027+00:00,,t,intersegmental,10B,73186587798093193,648518346474236781,[33916 92960  2916]
186,685,2022-09-06 18:28:33.146965+00:00,,t,local,12B/6A,72765337741251238,648518346504230862,[ 21782 122291   3554]
187,687,2022-09-06 18:28:33.174912+00:00,,t,local,3A,72343124940435556,648518346491067565,[  9216 122048   2849]
188,689,2022-09-06 18:28:33.202548+00:00,,t,intersegmental,,72765337808511637,648518346486667469,[ 20768 122696   3719]
189,691,2022-09-06 18:28:33.228720+00:00,,t,local,9A,73186450023479587,648518346509188474,[33696 89584  2228]
190,693,2022-09-06 18:28:33.257534+00:00,,t,local,,72834675357590858,648518346489023210,[24400 91376  2874]
191,695,2022-09-06 18:28:33.281779+00:00,,t,local,22A,72272550037611439,648518346477888014,[  7976 116648   2840]
192,697,2022-09-06 18:28:33.307661+00:00,,t,local,14A,73327462993659578,648518346486783620,[37725 96789  3378]
193,699,2022-09-06 18:28:33.333912+00:00,,t,local,13B,73468062976012744,648518346482930729,[42816 92288  3235]
194,701,2022-09-06 18:28:33.359239+00:00,,t,local,13A,72834744144197287,648518346491531718,[24144 92464  3027]
195,703,2022-09-06 18:28:33.384814+00:00,,t,local,14A,73187069237065043,648518346466936942,[ 34150 106654   3657]
196,705,2022-09-06 18:28:33.409280+00:00,,t,local,24B,72624324234105506,648518346496359485,[ 17864 113056   1408]
197,707,2022-09-06 18:28:33.434783+00:00,,t,intersegmental,0A/0B,73257987602826346,648518346492697531,[ 36284 123456   3425]
198,709,2022-09-06 18:28:33.458715+00:00,,t,local,9A,73327118926717825,648518346500498904,[37808 87376  2551]
199,711,2022-09-06 18:28:33.482015+00:00,,t,intersegmental,3A,72554093331274243,648518346519034591,[ 15034 117531   2068]
200,713,2022-09-06 18:28:33.506708+00:00,,t,local,14A,73257369261764814,648518346494034720,[ 36144 105981   3660]
201,715,2022-09-06 18:28:33.531260+00:00,,t,"ascending, intersegmental",9A,73116218718064250,648518346500153411,[31552 92504  2192]
202,792,2022-09-06 18:28:34.504619+00:00,,t,local,13B,73538431854297662,648518346482964966,[43144 92168  3475]
203,794,2022-09-06 18:28:34.529615+00:00,,t,intersegmental,0A/0B,73117181395003570,648518346499440615,[ 31480 121954   3452]
204,796,2022-09-06 18:28:34.714474+00:00,,t,"ascending, intersegmental",10B,72906212668573235,648518346511268149,[ 24848 125896   3555]
205,798,2022-09-06 18:28:34.746738+00:00,,t,local,9A,73326843914386443,648518346497297432,[38232 79488  2262]
206,800,2022-09-06 18:28:34.774308+00:00,,t,local,22A,72272480982928643,648518346501408141,[  7080 113840   2269]
207,802,2022-09-06 18:28:34.800466+00:00,,t,intersegmental,13B,73538431720261344,648518346500537148,[43600 93568  3287]
208,804,2022-09-06 18:28:34.827367+00:00,,t,"ascending, intersegmental",10B,73116219120991449,648518346491839249,[31656 93648  3053]
209,806,2022-09-06 18:28:34.851825+00:00,,t,intersegmental,19A,74172368288774563,648518346518741215,[ 63432 111128   2061]
210,808,2022-09-06 18:28:34.876300+00:00,,t,intersegmental,10B,73256819103183170,648518346501839210,[35560 90008  2860]
211,810,2022-09-06 18:28:34.902211+00:00,,t,intersegmental,10B,73256956408017747,648518346482497172,[35616 92888  2657]
212,812,2022-09-06 18:28:34.929492+00:00,,t,local,9A,73327187713242462,648518346481059930,[37114 88678  2654]
213,814,2022-09-06 18:28:34.954924+00:00,,t,local,9A,73256681462995464,648518346491611454,[36562 84080  2532]
214,816,2022-09-06 18:28:34.980007+00:00,,t,"ascending, intersegmental",7B,73116012828357917,648518346499757799,[32293 87907  2784]
215,818,2022-09-06 18:28:35.005677+00:00,,t,local,19A,72413149416289369,648518346488659278,[ 11552 112552   1629]
216,820,2022-09-06 18:28:35.031643+00:00,,t,local,8A,72834468662281027,648518346485904766,[23234 85341  1874]
217,822,2022-09-06 18:28:35.060943+00:00,,t,intersegmental,3A,73961400300906099,648518346481891487,[ 55960 115288   3669]
218,824,2022-09-06 18:28:35.089478+00:00,,t,local,13B,73608731811904312,648518346480395430,[45152 91752  3350]
219,826,2022-09-06 18:28:35.115534+00:00,,t,local,21A,72272618287646168,648518346498344346,[  6949 116960   1996]
220,828,2022-09-06 18:28:35.139773+00:00,,t,local,24B,72624255447535625,648518346501414166,[ 17936 111048   1274]
221,830,2022-09-06 18:28:35.165343+00:00,,t,intersegmental,16A,72978435496310344,648518346496957668,[ 28656 181920    936]
222,832,2022-09-06 18:28:35.191087+00:00,,t,"ascending, intersegmental",12B/6A,73609694153370160,648518346480424614,[ 45904 120616   3968]
223,834,2022-09-06 18:28:35.217982+00:00,,t,local,13B,73397694232023108,648518346488871608,[39296 93616  3318]
224,836,2022-09-06 18:28:35.246045+00:00,,t,intersegmental,7B,72624669039374947,648518346513923353,[ 18096 123416   3626]
225,838,2022-09-06 18:28:35.271612+00:00,,t,"ascending, intersegmental",10B-like,73893847713089769,648518346466011696,[ 54304 199672   1145]
226,840,2022-09-06 18:28:35.297069+00:00,,t,local,13A,72694006790251908,648518346488838734,[19609 93680  3333]
227,842,2022-09-06 18:28:35.322318+00:00,,t,local,21A,72272618421959570,648518346526360791,[  8064 117168   2307]
228,844,2022-09-06 18:28:35.346359+00:00,,t,local,9A,73116218785291035,648518346486457257,[31100 92608  2345]
229,846,2022-09-06 18:28:35.370785+00:00,,t,local,22A,72272480982952663,648518346500988777,[  8009 113955   2279]
230,848,2022-09-06 18:28:35.395214+00:00,,t,local,9A,73256818902188201,648518346489787479,[36640 88944  2558]
231,850,2022-09-06 18:28:35.420355+00:00,,t,"ascending, intersegmental",7B,73186243865033552,648518346503970977,[33216 83224  2234]
232,852,2022-09-06 18:28:35.445767+00:00,,t,ascending,19A,72272412196238603,648518346495277494,[  7536 112064   2128]
233,854,2022-09-06 18:28:35.469513+00:00,,t,intersegmental,19A,72413011977396225,648518346521506809,[ 10680 107848   1651]
234,856,2022-09-06 18:28:35.493297+00:00,,t,local,13B,73468131695134022,648518346492416127,[42479 94240  3213]
235,858,2022-09-06 18:28:35.518340+00:00,,t,local,22A,72272549568189279,648518346524122629,[  6994 114893   2038]
236,860,2022-09-06 18:28:35.544090+00:00,,t,intersegmental,,73892472987914100,648518346492565119,[ 53896 159480    432]
237,862,2022-09-06 18:28:35.570513+00:00,,t,intersegmental,23B,73046743327482817,648518346495799458,[ 30021 119100   2306]
238,864,2022-09-06 18:28:35.598222+00:00,,t,local,22A,72272549635399037,648518346503120371,[  7136 114912   2169]
239,866,2022-09-06 18:28:35.623757+00:00,,t,local,1B,72413218940885774,648518346475537024,[ 11215 114221   3133]
240,868,2022-09-06 18:28:35.647340+00:00,,t,intersegmental,10B,73116081614839078,648518346490436956,[32704 89536  2865]
241,870,2022-09-06 18:28:35.671621+00:00,,t,local,1B,72553956697733514,648518346502378579,[ 15136 114440   3615]
242,872,2022-09-06 18:28:35.697835+00:00,,t,"ascending, intersegmental",10B-like,74034516414721034,648518346486865889,[ 57592 197456    961]
243,874,2022-09-06 18:28:35.724045+00:00,,t,local,8A,72834468930661848,648518346480822749,[24424 84216  2346]
244,876,2022-09-06 18:28:35.751374+00:00,,t,local,21A,72272686939920501,648518346492104815,[  6761 119842   1826]
245,878,2022-09-06 18:28:35.778054+00:00,,t,local,14A,73327669286500891,648518346488261150,[ 37094 103570   3712]
246,880,2022-09-06 18:28:35.803604+00:00,,t,"ascending, intersegmental",10B,73327394005936722,648518346515315271,[37522 94523  2926]
247,882,2022-09-06 18:28:35.828288+00:00,,t,local,13B,73397694231856313,648518346500414524,[39626 93012  3261]
248,791,2022-09-06 18:28:34.491223+00:00,,t,local,22A,72342918916357523,648518346482309524,[  9688 115176   3193]
249,793,2022-09-06 18:28:34.517342+00:00,,t,local,1B,72554025417256930,648518346499393886,[ 14864 115688   3625]
250,795,2022-09-06 18:28:34.542403+00:00,,t,intersegmental,9A,73327050274206412,648518346489764403,[37608 84496  2641]
251,797,2022-09-06 18:28:34.732244+00:00,,t,local,9A,73327187646058713,648518346494814635,[37216 88088  2472]
252,799,2022-09-06 18:28:34.760658+00:00,,t,local,8A,72975343723479309,648518346501177500,[28248 88088  2058]
253,801,2022-09-06 18:28:34.787032+00:00,,t,local,14A,73397763085622241,648518346486973436,[40105 95945  3557]
254,803,2022-09-06 18:28:34.813949+00:00,,t,local,21A,72342918178205995,648518346505055110,[  8473 115160   1773]
255,805,2022-09-06 18:28:34.839544+00:00,,t,intersegmental,0A/0B,73257850432309893,648518346491215992,[ 35193 120315   3935]
256,807,2022-09-06 18:28:34.863947+00:00,,t,local,8A,72975137565347898,648518346484746829,[28080 83072  2106]
257,809,2022-09-06 18:28:34.889207+00:00,,t,"ascending, intersegmental",10B,72906212668281948,648518346517772136,[ 26256 126944   3480]
258,811,2022-09-06 18:28:34.915945+00:00,,t,local,21A,72272549500919691,648518346492595641,[  7656 115976   1818]
259,813,2022-09-06 18:28:34.941965+00:00,,t,"ascending, intersegmental",18B,73540423108634341,648518346473080420,[ 43840 152624    431]
260,815,2022-09-06 18:28:34.967392+00:00,,t,local,20A,72483725392533175,648518346493419292,[ 14256 116976   3610]
261,817,2022-09-06 18:28:34.992753+00:00,,t,local,12B/6A,73398656505894708,648518346517586756,[ 39128 122224   3665]
262,819,2022-09-06 18:28:35.019049+00:00,,t,local,9A,73186518877214899,648518346492304255,[33080 91088  2512]
263,821,2022-09-06 18:28:35.044799+00:00,,t,"ascending, intersegmental",,72906075229525548,648518346509763459,[ 26381 122824   3523]
264,823,2022-09-06 18:28:35.075817+00:00,,t,"ascending, intersegmental",10B,73186587865015110,648518346501389453,[34768 92792  2998]
265,825,2022-09-06 18:28:35.102897+00:00,,t,local,14A,73327944164338100,648518346504946035,[ 37084 111802   3667]
266,827,2022-09-06 18:28:35.127559+00:00,,t,intersegmental,0A/0B,73329317748419658,648518346492140076,[ 37832 151600   2072]
267,829,2022-09-06 18:28:35.151997+00:00,,t,local,,72553199843891727,648518346479396796,[15544 91680  1905]
268,831,2022-09-06 18:28:35.178025+00:00,,t,local,3A,72413424898185867,648518346501071209,[ 11208 119136   2800]
269,833,2022-09-06 18:28:35.204505+00:00,,t,local,13B,73327394274412520,648518346494033294,[37352 94224  3444]
270,835,2022-09-06 18:28:35.231905+00:00,,t,intersegmental,12B/6A,72554162789181553,648518346489847311,[ 16080 120808   3534]
271,837,2022-09-06 18:28:35.258913+00:00,,t,intersegmental,,73046056803617380,648518346491126817,[29504 99096  3576]
272,839,2022-09-06 18:28:35.284157+00:00,,t,local,9A,73186450157666968,648518346514141918,[33856 89224  2473]
273,841,2022-09-06 18:28:35.309432+00:00,,t,local,1B,72624394161604614,648518346465128053,[ 16520 115216   3701]
274,843,2022-09-06 18:28:35.334835+00:00,,t,intersegmental,10B,73186519078589427,648518346514384583,[34624 90512  2910]
275,845,2022-09-06 18:28:35.358340+00:00,,t,"ascending, intersegmental",10B,73186656517547292,648518346497151640,[33456 94904  2907]
276,847,2022-09-06 18:28:35.383144+00:00,,t,local,13B,73538363067819759,648518346489789015,[44796 90971  3380]
277,849,2022-09-06 18:28:35.407934+00:00,,t,local,4B,73046469321450170,648518346486824881,[ 30032 110968   3850]
278,851,2022-09-06 18:28:35.433220+00:00,,t,local,13B,73608731812007582,648518346496315594,[46256 91040  3390]
279,853,2022-09-06 18:28:35.458056+00:00,,t,local,9A,73327050207028316,648518346487498387,[37256 84616  2482]
280,855,2022-09-06 18:28:35.481686+00:00,,t,local,13A,72905112955492270,648518346490002636,[26444 92678  3149]
281,857,2022-09-06 18:28:35.505936+00:00,,t,intersegmental,7B,72765475112851649,648518346515421767,[ 22351 124990   3348]
282,859,2022-09-06 18:28:35.531238+00:00,,t,local,9A,73186381438247371,648518346485925758,[34556 87932  2481]
283,861,2022-09-06 18:28:35.557283+00:00,,t,local,8A,73045506242452432,648518346481651905,[28960 82640  1992]
284,863,2022-09-06 18:28:35.584361+00:00,,t,intersegmental,1A,73538431049107004,648518346486345888,[43016 93752  1967]
285,865,2022-09-06 18:28:35.611223+00:00,,t,local,22A,72272412263453424,648518346509963578,[  7881 112217   2272]
286,867,2022-09-06 18:28:35.635878+00:00,,t,local,13B,73538431720041083,648518346480645078,[44999 92181  3213]
287,869,2022-09-06 18:28:35.659590+00:00,,t,intersegmental,19A,72272480781412989,648518346498429489,[  8168 113328   1885]
288,871,2022-09-06 18:28:35.684746+00:00,,t,intersegmental,9A,73326912700992866,648518346497895015,[37301 80534  2344]
289,873,2022-09-06 18:28:35.711186+00:00,,t,local,11B,72553475661402779,648518346475413089,[15408 99208  3658]
290,875,2022-09-06 18:28:35.737684+00:00,,t,"ascending, intersegmental",10B,73398931383698876,648518346499897667,[ 39872 129344   3615]
291,877,2022-09-06 18:28:35.764224+00:00,,t,intersegmental,12A,72413355574747200,648518346490365448,[ 12030 117900   1646]
292,879,2022-09-06 18:28:35.790889+00:00,,t,local,13A,72412600465802124,648518346490196954,[11400 96032  3201]
293,881,2022-09-06 18:28:35.815339+00:00,,t,"ascending, intersegmental",10B-like,73189610314091662,648518346504983155,[ 33904 182952    698]
294,883,2022-09-06 18:28:35.840460+00:00,,t,local,21A,72342918245534267,648518346486141124,[  8864 116328   1919]
